{"cameraMode":{"drawMode":0,"name":"Shaded","section":"Shading Mode"},"sceneLighting":true,"audioPlay":false,"sceneViewState":{"showFog":true,"showMaterialUpdate":false,"showSkybox":true,"showFlares":true,"showImageEffects":true,"showParticleSystems":true},"in2DMode":false,"pivot":{"x":19.295202255249025,"y":1.158154845237732,"z":18.036684036254884},"rotation":{"x":0.048080381006002429,"y":0.9283312559127808,"z":-0.1292162835597992,"w":0.34531518816947939},"size":1.3694312572479249,"orthographic":false}